Do Himo,5,40.00,https://cdn3.volusion.com/nqu3h.nrnd2/v/vspfiles/photos/ANK-KEN-BOG-KAITEKI-MEN-2.jpg?v-cache=1611060823
Men Himo,4,40.00,https://cdn3.volusion.com/nqu3h.nrnd2/v/vspfiles/photos/ANK-KEN-BOG-KAITEKI-MEN-2.jpg?v-cache=1611060823
"Shinai 30""",0,120.00,https://cdn3.volusion.com/nqu3h.nrnd2/v/vspfiles/photos/ANK-KEN-BOG-KAITEKI-MEN-2.jpg?v-cache=1611060823
"Shinai 32""",3,120.00,https://cdn3.volusion.com/nqu3h.nrnd2/v/vspfiles/photos/ANK-KEN-BOG-KAITEKI-MEN-2.jpg?v-cache=1611060823
"Shinai 34""",7,120.00,https://cdn3.volusion.com/nqu3h.nrnd2/v/vspfiles/photos/ANK-KEN-BOG-KAITEKI-MEN-2.jpg?v-cache=1611060823
"Shinai 36""",2,120.00,https://cdn3.volusion.com/nqu3h.nrnd2/v/vspfiles/photos/ANK-KEN-BOG-KAITEKI-MEN-2.jpg?v-cache=1611060823
"Shinai 37""",2,120.00,https://cdn3.volusion.com/nqu3h.nrnd2/v/vspfiles/photos/ANK-KEN-BOG-KAITEKI-MEN-2.jpg?v-cache=1611060823
"Shinai 38""",3,120.00,https://cdn3.volusion.com/nqu3h.nrnd2/v/vspfiles/photos/ANK-KEN-BOG-KAITEKI-MEN-2.jpg?v-cache=1611060823
"Shinai 39""",5,120.00,https://cdn3.volusion.com/nqu3h.nrnd2/v/vspfiles/photos/ANK-KEN-BOG-KAITEKI-MEN-2.jpg?v-cache=1611060823
"Shinai 39"" Female ",2,120.00,https://cdn3.volusion.com/nqu3h.nrnd2/v/vspfiles/photos/ANK-KEN-BOG-KAITEKI-MEN-2.jpg?v-cache=1611060823
"shinai 39"" Oval ",1,160.00,https://cdn3.volusion.com/nqu3h.nrnd2/v/vspfiles/photos/ANK-KEN-BOG-KAITEKI-MEN-2.jpg?v-cache=1611060823